{
    "gaze_x_max": 0.3758327215909958,
    "gaze_x_min": 0.16277043521404266,
    "gaze_y_max": 0.15775661543011665,
    "gaze_y_min": 0.05370555818080902
}