{
    "gax_max": 0.21135378330945967,
    "gax_min": -0.03862718492746353,
    "gay_max": 0.3453691005706787,
    "gay_min": 0.23208028078079224
}