{
    "gax_max": 0.08315472379326819,
    "gax_min": -0.1063869521021843,
    "gay_max": 0.12047868221998215,
    "gay_min": 0.0461785402148962
}